video_id,video_url,video_title,video_duration_s,source,window_index,start_s,end_s,duration_s,window_url,action_label,phase,is_step,confidence,description,ocr_text,has_caption,face_score,text_score,motion,brightness,colorfulness,dominant_colors,keep,filter_reason,validation_flags
-qEby8J59DA,https://www.youtube.com/watch?v=-qEby8J59DA,6 Mistakes Candle Makers Should Avoid & How To Fix Them [Updated],758.0,storyboard,7,55.85,63.83,7.98,https://youtu.be/-qEby8J59DA?t=56s,gather_materials,prep,1,0.4,Hands hold a black candle tin (close-up insert).,,0,0.0,0.007,0.284,0.257,0.06,"#1e1d1d,#262524,#12170f",1,,
0ERh-nj5jjw,https://www.youtube.com/watch?v=0ERh-nj5jjw,how to measure candle wax for the perfect candle pour ⚖️,117.0,storyboard,2,15.6,23.4,7.8,https://youtu.be/0ERh-nj5jjw?t=16s,gather_materials,prep,1,0.45,Overhead black candle tins/jars.,oe,0,0.0,0.158,0.226,0.678,0.083,"#dbd9d1,#aba18f,#4e4634",1,,
0ERh-nj5jjw,https://www.youtube.com/watch?v=0ERh-nj5jjw,how to measure candle wax for the perfect candle pour ⚖️,117.0,storyboard,7,54.6,62.4,7.8,https://youtu.be/0ERh-nj5jjw?t=55s,gather_materials,prep,1,0.45,Overhead tray of black candle tins.,soe,0,0.0,0.116,0.138,0.686,0.071,"#e2ddd5,#9d917f,#544834",1,,
0gk3NsmJa7k,https://www.youtube.com/watch?v=0gk3NsmJa7k,Make Candles with me | ❄️Winter Wonderland Edition ❄️,794.0,storyboard,0,0.0,8.02,8.02,https://youtu.be/0gk3NsmJa7k?t=0s,gather_materials,prep,1,0.4,Pine sprigs and berries for winter candles.,thay,0,0.0,0.106,0.16,0.694,0.051,"#d9d8d7,#b1ada8,#765c52",1,,
1V3hfxo7OtE,https://www.youtube.com/watch?v=1V3hfxo7OtE,Candle Making | How to Make Scented Candles,508.0,storyboard,3,23.81,31.75,7.94,https://youtu.be/1V3hfxo7OtE?t=24s,gather_materials,prep,1,0.65,'Materials' title card + overhead supplies,ae ha if Pe 7 be Joe KCAL eZ alt ae re pe 44 te Se FEST ny. oe ee,1,0.0,0.027,0.521,0.268,0.086,"#9c7c61,#c2bfb9,#483b36",1,,
2KbmlOnPJnU,https://www.youtube.com/watch?v=2KbmlOnPJnU,How To Make an INFINITE CANDLE Wick – Burns Forever!,151.0,storyboard,1,7.95,15.89,7.94,https://youtu.be/2KbmlOnPJnU?t=8s,gather_materials,prep,1,0.5,Black-gloved hands lay out the small components for the floating oil wick.,4...,0,0.0,0.015,0.155,0.369,0.136,"#4c372f,#c09186,#93655e",1,,
2rhZ7lzaU4Y,https://www.youtube.com/watch?v=2rhZ7lzaU4Y,4 Easy Candle Making for Beginners | DIY Candles,187.0,storyboard,1,8.13,16.26,8.13,https://youtu.be/2rhZ7lzaU4Y?t=8s,gather_materials,prep,1,0.5,Hands hold colourful round moulds (blue/pink/green).,aS,0,0.0,0.057,0.168,0.665,0.289,"#d4846a,#86483c,#eddedf",1,,
2rhZ7lzaU4Y,https://www.youtube.com/watch?v=2rhZ7lzaU4Y,4 Easy Candle Making for Beginners | DIY Candles,187.0,storyboard,2,16.26,24.39,8.13,https://youtu.be/2rhZ7lzaU4Y?t=16s,gather_materials,prep,1,0.5,A wick is placed into a glass jar; YouTube branding.,or,0,0.0,0.037,0.082,0.578,0.283,"#c66644,#eb926e,#74bee1",1,,
2rhZ7lzaU4Y,https://www.youtube.com/watch?v=2rhZ7lzaU4Y,4 Easy Candle Making for Beginners | DIY Candles,187.0,storyboard,3,24.39,32.52,8.13,https://youtu.be/2rhZ7lzaU4Y?t=24s,gather_materials,prep,1,0.45,Hands with coloured wax spheres.,7 ce.,0,0.333,0.045,0.104,0.544,0.311,"#de714c,#7d4a3e,#cab8b2",1,,
2rhZ7lzaU4Y,https://www.youtube.com/watch?v=2rhZ7lzaU4Y,4 Easy Candle Making for Beginners | DIY Candles,187.0,storyboard,4,32.52,40.65,8.13,https://youtu.be/2rhZ7lzaU4Y?t=33s,gather_materials,prep,1,0.4,Hands arrange colourful wax spheres.,,0,0.0,0.034,0.158,0.657,0.247,"#fa9b71,#fcab86,#e7865d",1,,
2rhZ7lzaU4Y,https://www.youtube.com/watch?v=2rhZ7lzaU4Y,4 Easy Candle Making for Beginners | DIY Candles,187.0,storyboard,5,40.65,48.78,8.13,https://youtu.be/2rhZ7lzaU4Y?t=41s,gather_materials,prep,1,0.4,Colourful moulds on the orange background.,,0,0.0,0.036,0.095,0.721,0.14,"#e4d9de,#9ba098,#7a6e6e",1,,
3RNr0rflCUU,https://www.youtube.com/watch?v=3RNr0rflCUU,"BUSINESS VLOG 🧸 preparing for shop launch, making 400 candles & my studio tour",834.0,storyboard,0,0.0,8.02,8.02,https://youtu.be/3RNr0rflCUU?t=0s,gather_materials,prep,1,0.4,Rows of kraft-labelled candles on the table.,Pate SAAT ae 3 ff wl. ay FF ey 3 Re an,1,0.0,0.089,0.338,0.48,0.08,"#aea0a2,#222220,#7a6b67",1,,
3RNr0rflCUU,https://www.youtube.com/watch?v=3RNr0rflCUU,"BUSINESS VLOG 🧸 preparing for shop launch, making 400 candles & my studio tour",834.0,storyboard,25,200.48,208.5,8.02,https://youtu.be/3RNr0rflCUU?t=200s,gather_materials,prep,1,0.5,Supplies laid out overhead.,Ss ge 2 eee LS 3 ee SP 54 Ue oo tar ew Sa see aa DP,1,0.0,0.245,0.212,0.546,0.08,"#d4cabd,#524e47,#96897a",1,,
40mkiCY8uMM,https://www.youtube.com/watch?v=40mkiCY8uMM,How To Make Mini 1 Oz. Soy Candles | Fall Scented Sample Candles,583.0,storyboard,49,391.33,399.32,7.99,https://youtu.be/40mkiCY8uMM?t=391s,gather_materials,prep,1,0.5,Wick-sticker product shown.,Pe se,0,0.0,0.211,0.062,0.5,0.149,"#ada5a3,#86706e,#463a33",1,,
40mkiCY8uMM,https://www.youtube.com/watch?v=40mkiCY8uMM,How To Make Mini 1 Oz. Soy Candles | Fall Scented Sample Candles,583.0,storyboard,50,399.32,407.3,7.98,https://youtu.be/40mkiCY8uMM?t=399s,gather_materials,prep,1,0.5,Wick-sticker product shown.,Ee to,0,0.0,0.226,0.0,0.495,0.161,"#aba5a3,#846f6c,#483833",1,,
40mkiCY8uMM,https://www.youtube.com/watch?v=40mkiCY8uMM,How To Make Mini 1 Oz. Soy Candles | Fall Scented Sample Candles,583.0,storyboard,51,407.3,415.29,7.99,https://youtu.be/40mkiCY8uMM?t=407s,gather_materials,prep,1,0.5,Wick-sticker product shown.,"er Ne Vee RPh oh,",1,0.0,0.219,0.052,0.497,0.154,"#ada5a2,#847873,#4d3b36",1,,
5SulILZNPEI,https://www.youtube.com/watch?v=5SulILZNPEI,How To Make Soy Candles DIY Candle Making Tutorial,453.0,storyboard,6,47.68,55.63,7.95,https://youtu.be/5SulILZNPEI?t=48s,gather_materials,prep,1,0.6,pouring flakes into pitcher,St,0,0.0,0.044,0.064,0.388,0.122,"#625e5e,#342b33,#c3ac8a",1,,
5SulILZNPEI,https://www.youtube.com/watch?v=5SulILZNPEI,How To Make Soy Candles DIY Candle Making Tutorial,453.0,storyboard,7,55.63,63.58,7.95,https://youtu.be/5SulILZNPEI?t=56s,gather_materials,prep,1,0.45,reaching for materials,,0,0.0,0.046,0.047,0.377,0.121,"#5e595b,#322a34,#c2ac89",1,,
6DueGSsFhd8,https://www.youtube.com/watch?v=6DueGSsFhd8,CD (Stabilo) Candle Wick Series: Everything You Need To Know | CandleScience Product Guides,125.0,storyboard,2,15.62,23.44,7.82,https://youtu.be/6DueGSsFhd8?t=16s,gather_materials,prep,1,0.45,Close-up of CD-series candle wicks laid out.,oe,0,0.0,0.104,0.169,0.687,0.063,"#c7c8c7,#adaeae,#837f78",1,,
6HKMsobiG74,https://www.youtube.com/watch?v=6HKMsobiG74,Most Satisfying Ocean Jelly Candle | Water Candle DIY ASMR,158.0,storyboard,1,7.9,15.8,7.9,https://youtu.be/6HKMsobiG74?t=8s,gather_materials,prep,1,0.4,Decorative shells/beads and supplies gathered (low-detail).,eFS gale,1,0.333,0.036,0.073,0.55,0.087,"#838c8e,#a7b0b2,#536265",1,,
7fFf-gtesH4,https://www.youtube.com/watch?v=7fFf-gtesH4,5 Homemade Candles For Emergencies,879.0,storyboard,5,39.95,47.95,8.0,https://youtu.be/7fFf-gtesH4?t=40s,gather_materials,prep,1,0.45,"Emergency-candle supplies (butter, cheese, cans) on the table.",,0,0.0,0.14,0.403,0.554,0.218,"#f4e6c7,#9c3a38,#93b9c4",1,,
7fFf-gtesH4,https://www.youtube.com/watch?v=7fFf-gtesH4,5 Homemade Candles For Emergencies,879.0,storyboard,6,47.95,55.94,7.99,https://youtu.be/7fFf-gtesH4?t=48s,gather_materials,prep,1,0.45,"Emergency-candle supplies (butter, cheese, cans) on the table.",mw,0,0.0,0.045,0.093,0.809,0.219,"#fcfaf4,#a73d3a,#e0b79e",1,,
7fFf-gtesH4,https://www.youtube.com/watch?v=7fFf-gtesH4,5 Homemade Candles For Emergencies,879.0,storyboard,7,55.94,63.93,7.99,https://youtu.be/7fFf-gtesH4?t=56s,gather_materials,prep,1,0.45,"Emergency-candle supplies (butter, cheese, cans) on the table.",an,0,0.0,0.091,0.339,0.301,0.139,"#1d230c,#dce0b5,#404b28",1,,
7fFf-gtesH4,https://www.youtube.com/watch?v=7fFf-gtesH4,5 Homemade Candles For Emergencies,879.0,storyboard,26,207.76,215.75,7.99,https://youtu.be/7fFf-gtesH4?t=208s,gather_materials,prep,1,0.5,Showing emergency-candle supplies/packaging.,4,0,0.0,0.097,0.229,0.309,0.111,"#1c1b20,#4b4e4f,#abaeae",1,,
7fFf-gtesH4,https://www.youtube.com/watch?v=7fFf-gtesH4,5 Homemade Candles For Emergencies,879.0,storyboard,30,239.73,247.72,7.99,https://youtu.be/7fFf-gtesH4?t=240s,gather_materials,prep,1,0.5,Showing emergency-candle supplies/packaging.,ar Vee Cia ay cS Av Vv,1,0.0,0.11,0.0,0.352,0.193,"#a98d92,#21100b,#674e50",1,,
7fFf-gtesH4,https://www.youtube.com/watch?v=7fFf-gtesH4,5 Homemade Candles For Emergencies,879.0,storyboard,42,335.62,343.61,7.99,https://youtu.be/7fFf-gtesH4?t=336s,gather_materials,prep,1,0.5,Showing emergency-candle supplies/packaging.,ie ew:,0,0.0,0.072,0.238,0.241,0.122,"#181315,#74555a,#b7b3a4",1,,
7fFf-gtesH4,https://www.youtube.com/watch?v=7fFf-gtesH4,5 Homemade Candles For Emergencies,879.0,storyboard,45,359.59,367.58,7.99,https://youtu.be/7fFf-gtesH4?t=360s,gather_materials,prep,1,0.5,Showing emergency-candle supplies/packaging.,4 ae Wed 34 TO? oan wore fr nett,1,0.0,0.11,0.23,0.272,0.146,"#695440,#231915,#ad9487",1,,
7fFf-gtesH4,https://www.youtube.com/watch?v=7fFf-gtesH4,5 Homemade Candles For Emergencies,879.0,storyboard,46,367.58,375.57,7.99,https://youtu.be/7fFf-gtesH4?t=368s,gather_materials,prep,1,0.5,Showing emergency-candle supplies/packaging.,,0,0.0,0.017,0.0,0.319,0.225,"#276961,#161311,#9d9960",1,,
7j6uypARXW4,https://www.youtube.com/watch?v=7j6uypARXW4,DIY Water candles | Making candles with WATER!?,414.0,storyboard,9,71.65,79.62,7.97,https://youtu.be/7j6uypARXW4?t=72s,gather_materials,prep,1,0.4,A clear plastic sheet for making the float wick.,,0,0.0,0.005,0.0,0.515,0.027,"#a8b0b0,#6d7472,#373a39",1,,
7j6uypARXW4,https://www.youtube.com/watch?v=7j6uypARXW4,DIY Water candles | Making candles with WATER!?,414.0,storyboard,35,278.65,286.62,7.97,https://youtu.be/7j6uypARXW4?t=279s,gather_materials,prep,1,0.4,Black paper cutouts (craft prep).,,0,0.0,0.001,0.0,0.434,0.272,"#b07d42,#292421,#892407",1,,
7j6uypARXW4,https://www.youtube.com/watch?v=7j6uypARXW4,DIY Water candles | Making candles with WATER!?,414.0,storyboard,36,286.62,294.58,7.96,https://youtu.be/7j6uypARXW4?t=287s,gather_materials,prep,1,0.4,Pink flowers on a branch (decorations).,,0,0.0,0.003,0.079,0.337,0.118,"#1b2217,#a5a2a4,#4f3c3d",1,,
7j6uypARXW4,https://www.youtube.com/watch?v=7j6uypARXW4,DIY Water candles | Making candles with WATER!?,414.0,storyboard,37,294.58,302.54,7.96,https://youtu.be/7j6uypARXW4?t=295s,gather_materials,prep,1,0.4,Hand with pink flowers.,,0,0.0,0.011,0.167,0.336,0.113,"#27312b,#5c5357,#cacfd4",1,,
8V_WyGLS5Zo,https://www.youtube.com/watch?v=8V_WyGLS5Zo,Candle Making Tutorial for Beginners | DIY Candle Tutorial,375.0,storyboard,2,15.96,23.94,7.98,https://youtu.be/8V_WyGLS5Zo?t=16s,gather_materials,prep,1,0.45,Host appears at shelves to introduce the build.,Ni it BLK SUNFLO 7 Ff BRANDING/MARKE,1,0.0,0.059,0.435,0.634,0.117,"#f9f9f9,#928a89,#c4b5b0",1,,
8V_WyGLS5Zo,https://www.youtube.com/watch?v=8V_WyGLS5Zo,Candle Making Tutorial for Beginners | DIY Candle Tutorial,375.0,storyboard,3,23.94,31.91,7.97,https://youtu.be/8V_WyGLS5Zo?t=24s,gather_materials,prep,1,0.45,Caption card listing wax/dye/supplies.,Like Shore Comment,1,0.0,0.097,0.426,0.671,0.078,"#e2e2e2,#83807c,#21221d",1,,
8_vXTepQRI8,https://www.youtube.com/watch?v=8_vXTepQRI8,DIY Homemade Tea Tin Candle - A Great Gift Idea!,424.0,storyboard,0,0.0,8.0,8.0,https://youtu.be/8_vXTepQRI8?t=0s,gather_materials,prep,1,0.45,"Supplies flat-lay for a tea-tin candle (tin, wax).",uP: wae 1 8 2 fe: yA,1,0.0,0.181,0.288,0.62,0.136,"#dcdadd,#a3a0a3,#5a5257",1,,
8oA1uybG_TE,https://www.youtube.com/watch?v=8oA1uybG_TE,"Hehinton Double Boiler Wax Melter Pot, Outstanding Quality! Complete Candle Making Tool Kit!",308.0,storyboard,0,0.0,8.11,8.11,https://youtu.be/8oA1uybG_TE?t=0s,gather_materials,prep,1,0.45,Unboxing the Hehinton double-boiler wax-melter kit.,RI EN 0 eee rps wo oe whe peek ee ne chaen we nth LO COO he are tatlacacase-0'e STREET Te 7 7 iy fy 7,1,0.0,0.039,0.273,0.586,0.139,"#a99981,#f1f1f0,#3b332e",1,,
8oA1uybG_TE,https://www.youtube.com/watch?v=8oA1uybG_TE,"Hehinton Double Boiler Wax Melter Pot, Outstanding Quality! Complete Candle Making Tool Kit!",308.0,storyboard,2,16.21,24.32,8.11,https://youtu.be/8oA1uybG_TE?t=16s,gather_materials,prep,1,0.45,"Unboxing the double-boiler wax-melter kit (manual, components).",Ss bss Ao SOE gry tee ee TH Ses so: AU ott eae ae aie aa Sas re ref 4 ou 2 oe iT nt ry RiLlie,1,0.0,0.131,0.198,0.571,0.143,"#a69985,#3b3735,#f3f4f4",1,,
8oA1uybG_TE,https://www.youtube.com/watch?v=8oA1uybG_TE,"Hehinton Double Boiler Wax Melter Pot, Outstanding Quality! Complete Candle Making Tool Kit!",308.0,storyboard,3,24.32,32.42,8.1,https://youtu.be/8oA1uybG_TE?t=24s,gather_materials,prep,1,0.45,"Unboxing the double-boiler wax-melter kit (manual, components).",5 Pp Ve 5,1,0.0,0.064,0.014,0.726,0.126,"#d5d6d3,#708892,#414748",1,,
8oA1uybG_TE,https://www.youtube.com/watch?v=8oA1uybG_TE,"Hehinton Double Boiler Wax Melter Pot, Outstanding Quality! Complete Candle Making Tool Kit!",308.0,storyboard,4,32.42,40.53,8.11,https://youtu.be/8oA1uybG_TE?t=32s,gather_materials,prep,1,0.45,"Unboxing the double-boiler wax-melter kit (manual, components).",7 hi ie cs PS,1,0.0,0.092,0.0,0.718,0.126,"#deddda,#8c9395,#615653",1,,
8oA1uybG_TE,https://www.youtube.com/watch?v=8oA1uybG_TE,"Hehinton Double Boiler Wax Melter Pot, Outstanding Quality! Complete Candle Making Tool Kit!",308.0,storyboard,5,40.53,48.63,8.1,https://youtu.be/8oA1uybG_TE?t=41s,gather_materials,prep,1,0.45,"Unboxing the double-boiler wax-melter kit (manual, components).",fp hg jsf yi re INA Le Ee og.,1,0.0,0.085,0.058,0.738,0.112,"#e1e1de,#90999c,#544f4e",1,,
8oA1uybG_TE,https://www.youtube.com/watch?v=8oA1uybG_TE,"Hehinton Double Boiler Wax Melter Pot, Outstanding Quality! Complete Candle Making Tool Kit!",308.0,storyboard,6,48.63,56.74,8.11,https://youtu.be/8oA1uybG_TE?t=49s,gather_materials,prep,1,0.45,"Unboxing the double-boiler wax-melter kit (manual, components).",os ii ay,1,0.0,0.107,0.082,0.732,0.115,"#dee0dd,#949999,#595757",1,,
8oA1uybG_TE,https://www.youtube.com/watch?v=8oA1uybG_TE,"Hehinton Double Boiler Wax Melter Pot, Outstanding Quality! Complete Candle Making Tool Kit!",308.0,storyboard,7,56.74,64.84,8.1,https://youtu.be/8oA1uybG_TE?t=57s,gather_materials,prep,1,0.45,"Unboxing the double-boiler wax-melter kit (manual, components).",Jo Bi RU,1,0.0,0.073,0.0,0.718,0.127,"#dddfdc,#869398,#6a5851",1,,
B1E0xc9O7ZM,https://www.youtube.com/watch?v=B1E0xc9O7ZM,How to Roll Beeswax Candles with Kids {VIDEO},333.0,storyboard,0,0.0,7.93,7.93,https://youtu.be/B1E0xc9O7ZM?t=0s,gather_materials,prep,1,0.45,Beeswax sheets and rolled candles on the table.,,0,0.0,0.13,0.232,0.439,0.228,"#d0915e,#9f673a,#522413",1,,
B2AFuHYg_Io,https://www.youtube.com/watch?v=B2AFuHYg_Io,Coconut Soy wax candle making for beginners,507.0,storyboard,7,56.33,64.38,8.05,https://youtu.be/B2AFuHYg_Io?t=56s,gather_materials,prep,1,0.45,White wax discs; pink glove.,iy vento wie vf 7 ae PT 3 Ni Why,1,0.0,0.036,0.466,0.714,0.043,"#77787f,#aab0b7,#503f4b",1,,
B2AFuHYg_Io,https://www.youtube.com/watch?v=B2AFuHYg_Io,Coconut Soy wax candle making for beginners,507.0,storyboard,8,64.38,72.43,8.05,https://youtu.be/B2AFuHYg_Io?t=64s,gather_materials,prep,1,0.45,Pink-gloved hand with a fragrance bottle.,,0,0.0,0.015,0.0,0.392,0.151,"#69656b,#64283b,#9c9da5",1,,
B2AFuHYg_Io,https://www.youtube.com/watch?v=B2AFuHYg_Io,Coconut Soy wax candle making for beginners,507.0,storyboard,9,72.43,80.48,8.05,https://youtu.be/B2AFuHYg_Io?t=72s,gather_materials,prep,1,0.4,Cutting/handling supplies.,,0,0.0,0.016,0.17,0.479,0.059,"#83888b,#9ba0a4,#5f3a4a",1,,
B2AFuHYg_Io,https://www.youtube.com/watch?v=B2AFuHYg_Io,Coconut Soy wax candle making for beginners,507.0,storyboard,26,209.24,217.29,8.05,https://youtu.be/B2AFuHYg_Io?t=209s,gather_materials,prep,1,0.4,White container and supplies.,,0,0.0,0.017,0.0,0.505,0.048,"#a2a2a1,#827d7c,#343231",1,,
B2AFuHYg_Io,https://www.youtube.com/watch?v=B2AFuHYg_Io,Coconut Soy wax candle making for beginners,507.0,storyboard,27,217.29,225.33,8.04,https://youtu.be/B2AFuHYg_Io?t=217s,gather_materials,prep,1,0.4,Shelves of supplies.,,0,0.0,0.01,0.048,0.496,0.032,"#9e9d9c,#727272,#31302f",1,,
BskHsZWNhRw,https://www.youtube.com/watch?v=BskHsZWNhRw,DIY WATER CANDLES // Easy DIY CANDLES AT HOME,300.0,storyboard,1,7.89,15.79,7.9,https://youtu.be/BskHsZWNhRw?t=8s,gather_materials,prep,1,0.4,Dried flowers and decorative elements gathered.,,0,0.0,0.011,0.045,0.682,0.091,"#d9ced8,#958c79,#6a5744",1,,
CQ3SYeqOP8Y,https://www.youtube.com/watch?v=CQ3SYeqOP8Y,How to Make Rolled beeswax Candles,483.0,storyboard,9,72.45,80.5,8.05,https://youtu.be/CQ3SYeqOP8Y?t=72s,gather_materials,prep,1,0.4,White work cloth/sheet.,,0,0.0,0.004,0.234,0.537,0.082,"#a19f9e,#725439,#391f13",1,,
CQ3SYeqOP8Y,https://www.youtube.com/watch?v=CQ3SYeqOP8Y,How to Make Rolled beeswax Candles,483.0,storyboard,10,80.5,88.55,8.05,https://youtu.be/CQ3SYeqOP8Y?t=80s,gather_materials,prep,1,0.45,Colour swatches (red/green/yellow) shown.,ree,0,0.0,0.04,0.0,0.601,0.225,"#b5b2b1,#a09a24,#624938",1,,
CrJ9UE6Nihw,https://www.youtube.com/watch?v=CrJ9UE6Nihw,FULL & easy beginners guide to Candle Making,601.0,storyboard,5,40.07,48.08,8.01,https://youtu.be/CrJ9UE6Nihw?t=40s,gather_materials,prep,1,0.45,Star-pattern bowl and a wax bag.,on PF,0,0.0,0.034,0.091,0.496,0.04,"#ababac,#868484,#5f5955",1,,
D2TTNZkVMMM,https://www.youtube.com/watch?v=D2TTNZkVMMM,How to Make Layered Scented Candles | DIY Candle Making,250.0,storyboard,3,24.19,32.26,8.07,https://youtu.be/D2TTNZkVMMM?t=24s,gather_materials,prep,1,0.55,Row of black fragrance bottles.,wax -fragrance jars wicks wick stickers- 2 wick bar ane,1,0.0,0.083,0.056,0.832,0.054,"#e4e0e1,#b7a5a3,#6a5452",1,,
D2TTNZkVMMM,https://www.youtube.com/watch?v=D2TTNZkVMMM,How to Make Layered Scented Candles | DIY Candle Making,250.0,storyboard,4,32.26,40.32,8.06,https://youtu.be/D2TTNZkVMMM?t=32s,gather_materials,prep,1,0.6,Supplies list caption 'wax / fragrance / wicks / wick sticker'.,wax fragrance jars wicks wick stickers sie wick bar,1,0.0,0.075,0.037,0.852,0.038,"#e8e4e5,#ccc6c4,#b39e98",1,,
D2TTNZkVMMM,https://www.youtube.com/watch?v=D2TTNZkVMMM,How to Make Layered Scented Candles | DIY Candle Making,250.0,storyboard,5,40.32,48.39,8.07,https://youtu.be/D2TTNZkVMMM?t=40s,gather_materials,prep,1,0.5,Supplies list with hands sorting items.,wax -fragran jars wicks wick stickers Zi wick bar,1,0.0,0.074,0.037,0.862,0.026,"#eae6e7,#ddd9da,#aeaaab",1,,
D2TTNZkVMMM,https://www.youtube.com/watch?v=D2TTNZkVMMM,How to Make Layered Scented Candles | DIY Candle Making,250.0,storyboard,17,137.1,145.16,8.06,https://youtu.be/D2TTNZkVMMM?t=137s,gather_materials,prep,1,0.45,Supply kit box shown.,te ee coe feet fo oa Pt ta Snag oe 2,1,0.333,0.037,0.104,0.726,0.102,"#d6d3d2,#ac9e96,#725236",1,,
DJBHjOFJBOs,https://www.youtube.com/watch?v=DJBHjOFJBOs,Choosing the Best Wax & Wicks for Your Candles,209.0,storyboard,6,48.23,56.27,8.04,https://youtu.be/DJBHjOFJBOs?t=48s,gather_materials,prep,1,0.4,Insert: white wax flakes.,ZY 4 eh sae Oe Seeeet TiSuitic? AROMATICZ FR nay Wy fie of fe ee Seee tine Nees pea nga rt 128 ewan BF ewes SP,1,0.333,0.066,0.323,0.464,0.249,"#312724,#d8d3d0,#867e79",1,,
DSj_ZcxHB2w,https://www.youtube.com/watch?v=DSj_ZcxHB2w,Candle Making Kit - How-to - Crafts&Co,92.0,storyboard,0,0.0,7.67,7.67,https://youtu.be/DSj_ZcxHB2w?t=0s,gather_materials,prep,1,0.55,Product display of the Crafts&Co candle kit — finished sample candles and supplies arranged on a tiered stand.,,0,0.333,0.029,0.195,0.586,0.11,"#cbc0b2,#17171a,#625f5f",1,,
EBZGgxpf3Ho,https://www.youtube.com/watch?v=EBZGgxpf3Ho,How to make perfect scented soy wax tin candles every time. DIY tutorial 7oz coco soy wax candles,667.0,storyboard,4,32.14,40.18,8.04,https://youtu.be/EBZGgxpf3Ho?t=32s,gather_materials,prep,1,0.45,"Unboxing supplies (Pro Wicks, stearic acid, jars, fragrance).",,0,0.0,0.003,0.0,0.644,0.131,"#a4a19e,#a08b6b,#e0bf9f",1,,
EBZGgxpf3Ho,https://www.youtube.com/watch?v=EBZGgxpf3Ho,How to make perfect scented soy wax tin candles every time. DIY tutorial 7oz coco soy wax candles,667.0,storyboard,5,40.18,48.22,8.04,https://youtu.be/EBZGgxpf3Ho?t=40s,gather_materials,prep,1,0.45,"Unboxing supplies (Pro Wicks, stearic acid, jars, fragrance).",4 ry mt,0,0.0,0.017,0.152,0.619,0.123,"#c4ada3,#817a75,#443830",1,,
EBZGgxpf3Ho,https://www.youtube.com/watch?v=EBZGgxpf3Ho,How to make perfect scented soy wax tin candles every time. DIY tutorial 7oz coco soy wax candles,667.0,storyboard,6,48.22,56.25,8.03,https://youtu.be/EBZGgxpf3Ho?t=48s,gather_materials,prep,1,0.45,"Unboxing supplies (Pro Wicks, stearic acid, jars, fragrance).",,0,0.0,0.0,0.0,0.297,0.059,"#4e4843,#6e5f59,#1f1715",1,,
EBZGgxpf3Ho,https://www.youtube.com/watch?v=EBZGgxpf3Ho,How to make perfect scented soy wax tin candles every time. DIY tutorial 7oz coco soy wax candles,667.0,storyboard,7,56.25,64.29,8.04,https://youtu.be/EBZGgxpf3Ho?t=56s,gather_materials,prep,1,0.45,"Unboxing supplies (Pro Wicks, stearic acid, jars, fragrance).",,0,0.0,0.027,0.15,0.626,0.179,"#857364,#e6bfb7,#5dabce",1,,
EBZGgxpf3Ho,https://www.youtube.com/watch?v=EBZGgxpf3Ho,How to make perfect scented soy wax tin candles every time. DIY tutorial 7oz coco soy wax candles,667.0,storyboard,8,64.29,72.33,8.04,https://youtu.be/EBZGgxpf3Ho?t=64s,gather_materials,prep,1,0.45,"Unboxing supplies (Pro Wicks, stearic acid, jars, fragrance).",,0,0.0,0.0,0.002,0.665,0.039,"#b0aba6,#a29d98,#bfccd2",1,,
EBZGgxpf3Ho,https://www.youtube.com/watch?v=EBZGgxpf3Ho,How to make perfect scented soy wax tin candles every time. DIY tutorial 7oz coco soy wax candles,667.0,storyboard,9,72.33,80.36,8.03,https://youtu.be/EBZGgxpf3Ho?t=72s,gather_materials,prep,1,0.45,"Unboxing supplies (Pro Wicks, stearic acid, jars, fragrance).",,0,0.0,0.011,0.0,0.499,0.106,"#91827f,#cfbcbb,#221e21",1,,
EBZGgxpf3Ho,https://www.youtube.com/watch?v=EBZGgxpf3Ho,How to make perfect scented soy wax tin candles every time. DIY tutorial 7oz coco soy wax candles,667.0,storyboard,10,80.36,88.4,8.04,https://youtu.be/EBZGgxpf3Ho?t=80s,gather_materials,prep,1,0.45,"Unboxing supplies (Pro Wicks, stearic acid, jars, fragrance).","if et, ee Stearic Acid ESS hee howe aware bore Faget Devries owe becrarticom ey var ah",1,0.0,0.05,0.219,0.598,0.085,"#c4bcb9,#867272,#2c211e",1,,
EBZGgxpf3Ho,https://www.youtube.com/watch?v=EBZGgxpf3Ho,How to make perfect scented soy wax tin candles every time. DIY tutorial 7oz coco soy wax candles,667.0,storyboard,11,88.4,96.43,8.03,https://youtu.be/EBZGgxpf3Ho?t=88s,gather_materials,prep,1,0.45,"Unboxing supplies (Pro Wicks, stearic acid, jars, fragrance).",,0,0.0,0.025,0.33,0.508,0.064,"#4b443f,#b7b5b8,#8b797a",1,,
EBZGgxpf3Ho,https://www.youtube.com/watch?v=EBZGgxpf3Ho,How to make perfect scented soy wax tin candles every time. DIY tutorial 7oz coco soy wax candles,667.0,storyboard,12,96.43,104.47,8.04,https://youtu.be/EBZGgxpf3Ho?t=96s,gather_materials,prep,1,0.45,"Unboxing supplies (Pro Wicks, stearic acid, jars, fragrance).",,0,0.0,0.013,0.0,0.673,0.047,"#b0aba6,#d4cfcd,#67625d",1,,
EBZGgxpf3Ho,https://www.youtube.com/watch?v=EBZGgxpf3Ho,How to make perfect scented soy wax tin candles every time. DIY tutorial 7oz coco soy wax candles,667.0,storyboard,13,104.47,112.51,8.04,https://youtu.be/EBZGgxpf3Ho?t=104s,gather_materials,prep,1,0.45,"Unboxing supplies (Pro Wicks, stearic acid, jars, fragrance).",it EE ows BME 23609 5 MTPA 232 Tab 250mm 100 of,1,0.0,0.037,0.256,0.583,0.089,"#58483d,#98755b,#cac3be",1,,
FhVukBUHls0,https://www.youtube.com/watch?v=FhVukBUHls0,"Candle Making Kit with Electronic Hot Plate for Beginners, Adults, and Kids",110.0,storyboard,1,7.86,15.71,7.85,https://youtu.be/FhVukBUHls0?t=8s,gather_materials,prep,1,0.5,"Kit packets, the electronic hotplate and a metal melting pan are arranged for the build.",es,0,0.333,0.19,0.026,0.573,0.077,"#9a8e82,#e1dbd2,#2e2929",1,,
G42ivbBdIHY,https://www.youtube.com/watch?v=G42ivbBdIHY,Essential Oil Candles DIY For Beginners | Step By Step Candle Making Tutorial,693.0,storyboard,15,119.48,127.45,7.97,https://youtu.be/G42ivbBdIHY?t=119s,gather_materials,prep,1,0.45,Host shows the thermometer.,,0,0.0,0.188,0.037,0.638,0.077,"#c4c5c4,#938d8c,#463e3d",1,,
G42ivbBdIHY,https://www.youtube.com/watch?v=G42ivbBdIHY,Essential Oil Candles DIY For Beginners | Step By Step Candle Making Tutorial,693.0,storyboard,17,135.41,143.38,7.97,https://youtu.be/G42ivbBdIHY?t=135s,gather_materials,prep,1,0.6,Host talks to camera.,KAREN CLEAR 7 Fs tadn feet,1,0.0,0.171,0.066,0.64,0.073,"#c6cbd2,#97969a,#3f4044",1,,
G42ivbBdIHY,https://www.youtube.com/watch?v=G42ivbBdIHY,Essential Oil Candles DIY For Beginners | Step By Step Candle Making Tutorial,693.0,storyboard,18,143.38,151.34,7.96,https://youtu.be/G42ivbBdIHY?t=143s,gather_materials,prep,1,0.45,'Karen clear 20cl' jar shown.,chit,0,0.0,0.174,0.022,0.665,0.076,"#cdcecb,#9f9995,#4b4340",1,,description references on-screen text but OCR found none
G42ivbBdIHY,https://www.youtube.com/watch?v=G42ivbBdIHY,Essential Oil Candles DIY For Beginners | Step By Step Candle Making Tutorial,693.0,storyboard,19,151.34,159.31,7.97,https://youtu.be/G42ivbBdIHY?t=151s,gather_materials,prep,1,0.45,Host shows the wick.,9 ta.,0,0.0,0.174,0.0,0.66,0.074,"#cdccc9,#9a958f,#48403c",1,,
G42ivbBdIHY,https://www.youtube.com/watch?v=G42ivbBdIHY,Essential Oil Candles DIY For Beginners | Step By Step Candle Making Tutorial,693.0,storyboard,20,159.31,167.28,7.97,https://youtu.be/G42ivbBdIHY?t=159s,gather_materials,prep,1,0.45,Host shows the wax.,Se Bao,0,0.0,0.189,0.038,0.681,0.081,"#d3d1cd,#a49b94,#48403c",1,,
Hir66vEC2MI,https://www.youtube.com/watch?v=Hir66vEC2MI,Learn How to Make Scented Soy Wax Candles for Beginners | CandleScience Guides,323.0,storyboard,2,16.15,24.22,8.07,https://youtu.be/Hir66vEC2MI?t=16s,gather_materials,prep,1,0.6,jars and supplies laid out,,0,0.0,0.057,0.151,0.614,0.082,"#958675,#c3bfb3,#685849",1,,
Hir66vEC2MI,https://www.youtube.com/watch?v=Hir66vEC2MI,Learn How to Make Scented Soy Wax Candles for Beginners | CandleScience Guides,323.0,storyboard,5,40.38,48.45,8.07,https://youtu.be/Hir66vEC2MI?t=40s,gather_materials,prep,1,0.6,row of fragrance bottles,Ao?,0,0.0,0.193,0.024,0.635,0.079,"#aaa390,#cccbcb,#4c4b3f",1,,
Hir66vEC2MI,https://www.youtube.com/watch?v=Hir66vEC2MI,Learn How to Make Scented Soy Wax Candles for Beginners | CandleScience Guides,323.0,storyboard,6,48.45,56.53,8.08,https://youtu.be/Hir66vEC2MI?t=48s,gather_materials,prep,1,0.5,holding fragrance bottle,7 EB fl as 4 sts,1,0.0,0.069,0.233,0.507,0.044,"#aeafba,#5b5654,#1c0e0c",1,,
Hir66vEC2MI,https://www.youtube.com/watch?v=Hir66vEC2MI,Learn How to Make Scented Soy Wax Candles for Beginners | CandleScience Guides,323.0,storyboard,8,64.6,72.68,8.08,https://youtu.be/Hir66vEC2MI?t=65s,gather_materials,prep,1,0.55,labelled bottles lined up,Bis,0,0.0,0.134,0.213,0.549,0.068,"#80786e,#c8c7c6,#39342f",1,,
Hir66vEC2MI,https://www.youtube.com/watch?v=Hir66vEC2MI,Learn How to Make Scented Soy Wax Candles for Beginners | CandleScience Guides,323.0,storyboard,9,72.68,80.75,8.07,https://youtu.be/Hir66vEC2MI?t=73s,gather_materials,prep,1,0.6,host talking to camera,"Be, oe seer ah sarees 3 Ff Bel",1,0.0,0.127,0.213,0.576,0.061,"#aca492,#cccaca,#5c5a4c",1,,
Hir66vEC2MI,https://www.youtube.com/watch?v=Hir66vEC2MI,Learn How to Make Scented Soy Wax Candles for Beginners | CandleScience Guides,323.0,storyboard,10,80.75,88.83,8.08,https://youtu.be/Hir66vEC2MI?t=81s,gather_materials,prep,1,0.45,holding small bottle,it,0,0.0,0.121,0.249,0.587,0.049,"#c4c1b8,#a09886,#454438",1,,
Hir66vEC2MI,https://www.youtube.com/watch?v=Hir66vEC2MI,Learn How to Make Scented Soy Wax Candles for Beginners | CandleScience Guides,323.0,storyboard,11,88.83,96.9,8.07,https://youtu.be/Hir66vEC2MI?t=89s,gather_materials,prep,1,0.4,handling fragrance bottle,,0,0.0,0.1,0.0,0.566,0.053,"#c2c2be,#8b8881,#58524c",1,,
Hir66vEC2MI,https://www.youtube.com/watch?v=Hir66vEC2MI,Learn How to Make Scented Soy Wax Candles for Beginners | CandleScience Guides,323.0,storyboard,12,96.9,104.98,8.08,https://youtu.be/Hir66vEC2MI?t=97s,gather_materials,prep,1,0.5,supply boxes shown,oo... ae ie 7,1,0.0,0.196,0.046,0.621,0.081,"#c3beb3,#948b7a,#3a392f",1,,
Jap03OmOhXU,https://www.youtube.com/watch?v=Jap03OmOhXU,15 BRILLIANT Dollar Tree Candle HACKS 🕯️ (gift ideas galore!),388.0,storyboard,2,16.17,24.25,8.08,https://youtu.be/Jap03OmOhXU?t=16s,gather_materials,prep,1,0.4,Dollar Tree candles/supplies shown.,Wy,0,0.0,0.164,0.242,0.378,0.197,"#561a20,#795e5c,#c1a196",1,,
Jap03OmOhXU,https://www.youtube.com/watch?v=Jap03OmOhXU,15 BRILLIANT Dollar Tree Candle HACKS 🕯️ (gift ideas galore!),388.0,storyboard,6,48.5,56.58,8.08,https://youtu.be/Jap03OmOhXU?t=48s,gather_materials,prep,1,0.4,Dollar Tree candles/supplies shown.,7 ab Mah tgs,1,0.0,0.143,0.175,0.356,0.089,"#87919b,#6c645e,#2b2821",1,,
Jap03OmOhXU,https://www.youtube.com/watch?v=Jap03OmOhXU,15 BRILLIANT Dollar Tree Candle HACKS 🕯️ (gift ideas galore!),388.0,storyboard,14,113.17,121.25,8.08,https://youtu.be/Jap03OmOhXU?t=113s,gather_materials,prep,1,0.4,Dollar Tree candles/supplies shown.,,0,0.0,0.023,0.207,0.414,0.109,"#594a43,#9b908d,#ede0bd",1,,
Jap03OmOhXU,https://www.youtube.com/watch?v=Jap03OmOhXU,15 BRILLIANT Dollar Tree Candle HACKS 🕯️ (gift ideas galore!),388.0,storyboard,26,210.17,218.25,8.08,https://youtu.be/Jap03OmOhXU?t=210s,gather_materials,prep,1,0.4,Dollar Tree candles/supplies shown.,sy 5,0,0.0,0.062,0.406,0.399,0.06,"#b1aead,#7b7475,#3d2f30",1,,
Jap03OmOhXU,https://www.youtube.com/watch?v=Jap03OmOhXU,15 BRILLIANT Dollar Tree Candle HACKS 🕯️ (gift ideas galore!),388.0,storyboard,30,242.5,250.58,8.08,https://youtu.be/Jap03OmOhXU?t=242s,gather_materials,prep,1,0.4,Dollar Tree candles/supplies shown.,met oe 1 2 Se,1,0.0,0.081,0.195,0.402,0.115,"#9d9da0,#6a696a,#272a2b",1,,
Jap03OmOhXU,https://www.youtube.com/watch?v=Jap03OmOhXU,15 BRILLIANT Dollar Tree Candle HACKS 🕯️ (gift ideas galore!),388.0,storyboard,34,274.83,282.92,8.09,https://youtu.be/Jap03OmOhXU?t=275s,gather_materials,prep,1,0.4,Dollar Tree candles/supplies shown.,"eS,",0,0.0,0.092,0.281,0.431,0.08,"#919394,#5c524d,#b4c0c4",1,,
Jg1nhsDBtsQ,https://www.youtube.com/watch?v=Jg1nhsDBtsQ,Dollar Tree Candle Hacks That Will SHOCK You (2024) Krafts by Katelyn,665.0,storyboard,0,0.0,8.01,8.01,https://youtu.be/Jg1nhsDBtsQ?t=0s,gather_materials,prep,1,0.4,Dollar Tree store; LED pillar candle.,Value Everyda We. is Gone! fore Ir we ae se ae ze Ss sags SS 3 sae everyory pS.,1,0.0,0.144,0.278,0.504,0.097,"#412f2a,#8c8b80,#c6cac2",1,,
Jg1nhsDBtsQ,https://www.youtube.com/watch?v=Jg1nhsDBtsQ,Dollar Tree Candle Hacks That Will SHOCK You (2024) Krafts by Katelyn,665.0,storyboard,46,368.55,376.57,8.02,https://youtu.be/Jg1nhsDBtsQ?t=369s,gather_materials,prep,1,0.5,Dollar Tree supplies/clamshells shown.,Ss oe of 7 of yoo ra,1,0.0,0.117,0.0,0.698,0.184,"#ded5cf,#bf9e8f,#815a4b",1,,
JxJVzdPJexE,https://www.youtube.com/watch?v=JxJVzdPJexE,Amazing Process of Making Hand Carved Candles,721.0,storyboard,1,8.01,16.02,8.01,https://youtu.be/JxJVzdPJexE?t=8s,gather_materials,prep,1,0.4,Trays of coloured wax (blue/red/yellow/green) and white candle cores.,4 rehniQ 4 Ate 2 YY 4,1,0.0,0.066,0.0,0.265,0.212,"#2b1d18,#504c4f,#bfa87c",1,,
JxJVzdPJexE,https://www.youtube.com/watch?v=JxJVzdPJexE,Amazing Process of Making Hand Carved Candles,721.0,storyboard,2,16.02,24.03,8.01,https://youtu.be/JxJVzdPJexE?t=16s,gather_materials,prep,1,0.4,Heated coloured wax baths in the workshop.,rt: ToknsQ OT SS id iin Baye!,1,0.0,0.107,0.243,0.337,0.113,"#171213,#5c5151,#d1c1b3",1,,
JxJVzdPJexE,https://www.youtube.com/watch?v=JxJVzdPJexE,Amazing Process of Making Hand Carved Candles,721.0,storyboard,3,24.03,32.04,8.01,https://youtu.be/JxJVzdPJexE?t=24s,gather_materials,prep,1,0.4,White cylindrical candle cores ready for dipping.,Sif een Ve 1 Nee Ai by BS Pole,1,0.0,0.137,0.359,0.406,0.115,"#cebfaf,#81635c,#251511",1,,
K7UxM5B0FdM,https://www.youtube.com/watch?v=K7UxM5B0FdM,Making Scented Candles using Coconut Soy Wax | DIY Candle-making | Direct Candle Supply,264.0,storyboard,6,48.0,56.0,8.0,https://youtu.be/K7UxM5B0FdM?t=48s,gather_materials,prep,1,0.45,Host sets up the double-boiler on the induction hob.,Sed! 7 Bee Ws,1,0.0,0.201,0.04,0.623,0.059,"#a0a29f,#e5e6e3,#494949",1,,
Ktz5Q9udtXY,https://www.youtube.com/watch?v=Ktz5Q9udtXY,How to Make Essential Oil Candles | DIY Candle Making Tutorial,316.0,storyboard,2,15.8,23.7,7.9,https://youtu.be/Ktz5Q9udtXY?t=16s,gather_materials,prep,1,0.5,A copper tin and lid handled.,ga liT YOULL ED aa,1,0.0,0.111,0.138,0.46,0.104,"#36322f,#7c7c72,#c0beb8",1,,
LiLrIjz_2ac,https://www.youtube.com/watch?v=LiLrIjz_2ac,Beginners Guide - How to Make a Scented Candle at Home,211.0,storyboard,1,8.12,16.23,8.11,https://youtu.be/LiLrIjz_2ac?t=8s,gather_materials,prep,1,0.55,"Wax block, wicks, jar and a blue thermometer laid out.",,0,0.0,0.071,0.196,0.522,0.06,"#b5b8b8,#1b1913,#48473c",1,,
NKgSlA79S78,https://www.youtube.com/watch?v=NKgSlA79S78,HOW TO MAKE ROLLED BEESWAX CANDLES | Easy Tutorial,430.0,storyboard,22,175.19,183.15,7.96,https://youtu.be/NKgSlA79S78?t=175s,gather_materials,prep,1,0.45,Another beeswax sheet readied.,AS VA,0,0.0,0.077,0.063,0.534,0.111,"#8a765f,#c5bfad,#3e3527",1,,
PmWPYjBXB0s,https://www.youtube.com/watch?v=PmWPYjBXB0s,Wooden Wick Candle Burning Instructions,128.0,storyboard,1,8.0,16.0,8.0,https://youtu.be/PmWPYjBXB0s?t=8s,gather_materials,prep,1,0.45,"Hands show the candle jar/box (Fir Needle & Pine, Citrus Peel & Pine).",di,0,0.333,0.011,0.171,0.314,0.154,"#756563,#65423d,#211110",1,,
Q9hV47GYsYI,https://www.youtube.com/watch?v=Q9hV47GYsYI,How to Make Perfect Candles  | SOY Candle Making | Scented Candle Making,650.0,storyboard,0,0.0,8.02,8.02,https://youtu.be/Q9hV47GYsYI?t=0s,gather_materials,prep,1,0.4,White silicone bubble moulds and finished candles.,,0,0.0,0.017,0.169,0.484,0.181,"#936f6e,#e0ccbe,#2b262c",1,,
RwLOuuMSrWE,https://www.youtube.com/watch?v=RwLOuuMSrWE,CANDLE MAKING FOR BEGINNERS | How To Make Woodwick Candles,423.0,storyboard,0,0.0,7.98,7.98,https://youtu.be/RwLOuuMSrWE?t=0s,gather_materials,prep,1,0.5,"Overhead supplies — fragrance bottle, scale and a candle — laid out for a wooden-wick build.",,0,0.0,0.053,0.182,0.594,0.07,"#a2a5a3,#bdc0ba,#73736b",1,,
T5dzL3dyfeU,https://www.youtube.com/watch?v=T5dzL3dyfeU,"candle studio vlog | organizing inventory, packing orders, new candle molds, candle-making",643.0,storyboard,27,217.01,225.05,8.04,https://youtu.be/T5dzL3dyfeU?t=217s,gather_materials,prep,1,0.5,Candle supplies/rolls shown.,,0,0.0,0.072,0.0,0.65,0.075,"#d6d1b6,#807965,#4b3424",1,,
T5dzL3dyfeU,https://www.youtube.com/watch?v=T5dzL3dyfeU,"candle studio vlog | organizing inventory, packing orders, new candle molds, candle-making",643.0,storyboard,28,225.05,233.09,8.04,https://youtu.be/T5dzL3dyfeU?t=225s,gather_materials,prep,1,0.5,Candle supplies/rolls shown.,,0,0.0,0.035,0.166,0.657,0.058,"#e9e5c8,#aeaa94,#656452",1,,
TYdTLOd4q4Y,https://www.youtube.com/watch?v=TYdTLOd4q4Y,Start Your Own Profitable Candle Making Business! How to make Candles at home #businessideas #candle,553.0,storyboard,11,88.16,96.17,8.01,https://youtu.be/TYdTLOd4q4Y?t=88s,gather_materials,prep,1,0.4,Coloured wax / dye palette b-roll.,al es,0,0.0,0.025,0.0,0.746,0.165,"#f3bed0,#9e8f8d,#433c40",1,,
TcpmRHRmLEA,https://www.youtube.com/watch?v=TcpmRHRmLEA,DIY CRAYON CANDLE - Home Decor - How To | SoCraftastic,297.0,storyboard,4,32.11,40.14,8.03,https://youtu.be/TcpmRHRmLEA?t=32s,gather_materials,prep,1,0.45,Crayola crayon boxes shown.,7 4 bez pan ee an Ley Ne es 3 Hl! 4 hie wayesiile fe en de es Crayolay aes er Te rower ea be Ry toe Wetaecw. Sr tn me 4 4 Ss 9 yi aa 3 SS,1,0.333,0.097,0.228,0.53,0.147,"#8c8080,#504958,#c1b9d3",1,,
TcpmRHRmLEA,https://www.youtube.com/watch?v=TcpmRHRmLEA,DIY CRAYON CANDLE - Home Decor - How To | SoCraftastic,297.0,storyboard,5,40.14,48.16,8.02,https://youtu.be/TcpmRHRmLEA?t=40s,gather_materials,prep,1,0.45,Crayons shown ('Like').,am? ith 7 Microwaveable vee Soy Wax as 7 Ls 4 4 eats Laren ee Foie 2 EP Ne ep eee ee,1,0.0,0.132,0.198,0.567,0.164,"#a8938f,#646071,#d8d3c6",1,,
TcpmRHRmLEA,https://www.youtube.com/watch?v=TcpmRHRmLEA,DIY CRAYON CANDLE - Home Decor - How To | SoCraftastic,297.0,storyboard,6,48.16,56.19,8.03,https://youtu.be/TcpmRHRmLEA?t=48s,gather_materials,prep,1,0.45,Rainbow crayons lined up.,"sae ee nt gcroyeny bi Lee Pd onus: he, We: Aw eine. te ot ash odes Sees we Ke Be SP ee eas ae hora Be en ee ES oes",1,0.0,0.103,0.187,0.559,0.128,"#8e8076,#545452,#c3b189",1,,
TcpmRHRmLEA,https://www.youtube.com/watch?v=TcpmRHRmLEA,DIY CRAYON CANDLE - Home Decor - How To | SoCraftastic,297.0,storyboard,7,56.19,64.22,8.03,https://youtu.be/TcpmRHRmLEA?t=56s,gather_materials,prep,1,0.45,Crayons sorted by colour.,ONUS/s OV ae se Ts er Le 7,1,0.0,0.034,0.059,0.568,0.059,"#827e76,#bcbdb8,#52514b",1,,
ToGNCotyDeE,https://www.youtube.com/watch?v=ToGNCotyDeE,How to Make Candles With ToAuto New 15L Wax Melting Furnace - Start Your Candle Business Easily,246.0,storyboard,0,0.0,7.94,7.94,https://youtu.be/ToGNCotyDeE?t=0s,gather_materials,prep,1,0.45,ToAuto wax melter tank and supplies.,ae im Le 4 iT Se eB ae oe at,1,0.0,0.09,0.234,0.583,0.085,"#d5d4d0,#8c847c,#4a4645",1,,
Ucr1PgqwuCU,https://www.youtube.com/watch?v=Ucr1PgqwuCU,How to Make Coconut Oil Scented Candles | Thrive Market,230.0,storyboard,7,55.52,63.45,7.93,https://youtu.be/Ucr1PgqwuCU?t=56s,gather_materials,prep,1,0.5,Row of black fragrance bottles shown.,oe gay Ss ric oe,1,0.333,0.03,0.168,0.448,0.143,"#bb9d91,#83665a,#1a1311",1,,
Ucr1PgqwuCU,https://www.youtube.com/watch?v=Ucr1PgqwuCU,How to Make Coconut Oil Scented Candles | Thrive Market,230.0,storyboard,8,63.45,71.38,7.93,https://youtu.be/Ucr1PgqwuCU?t=63s,gather_materials,prep,1,0.5,Host holds the coconut oil jar.,"oe gay ye wv 1 Oi Yi SPinitua, ff on Pad GANGSTE WY Fw vee",1,0.333,0.061,0.233,0.423,0.164,"#452f3b,#ae9ea0,#776266",1,,
UrFrR3p0B3A,https://www.youtube.com/watch?v=UrFrR3p0B3A,"DIY Candle Jars with Jesmonite | aesthetic candle vessels, Boowan Nicole molds | handmade gift ideas",399.0,storyboard,0,0.0,7.98,7.98,https://youtu.be/UrFrR3p0B3A?t=0s,gather_materials,prep,1,0.5,Jesmonite bags and a mould laid out to make aesthetic candle jars.,,0,0.0,0.125,0.236,0.586,0.061,"#a9a29a,#ede6e0,#4e4744",1,,
UvgHUG48cgE,https://www.youtube.com/watch?v=UvgHUG48cgE,"STEP BY STEP: How I Make My 6 oz. Tin Soy Candles | Formula, First Burn Test, Visual Demonstration",734.0,storyboard,71,566.46,574.43,7.97,https://youtu.be/UvgHUG48cgE?t=566s,gather_materials,prep,1,0.5,Supplies/fragrance shown.,ss,0,0.0,0.04,0.0,0.395,0.11,"#7b7569,#1a1a1a,#8ba2ad",1,,
VazMrJH55Is,https://www.youtube.com/watch?v=VazMrJH55Is,Honey Vanilla Beeswax Candles | How to Make Candles,419.0,storyboard,2,16.12,24.17,8.05,https://youtu.be/VazMrJH55Is?t=16s,gather_materials,prep,1,0.5,Hands at the stove with a bottle (coconut oil).,ae ies Tis ibs,1,0.0,0.147,0.039,0.824,0.102,"#ecebeb,#c3b6a0,#5e5246",1,,
VnrkS1tkLJk,https://www.youtube.com/watch?v=VnrkS1tkLJk,Our Must Have Candle Making Supplies & Equipment | Beginner to Advanced Candle Makers,722.0,storyboard,9,72.2,80.22,8.02,https://youtu.be/VnrkS1tkLJk?t=72s,gather_materials,prep,1,0.4,Candle-making equipment/supplies shown.,S300mN iw Lf Dio 7 od ie ce. Pe AT sg ae 2 te fe oe,1,0.0,0.159,0.14,0.541,0.07,"#cfcfc3,#8a8477,#313030",1,,
VnrkS1tkLJk,https://www.youtube.com/watch?v=VnrkS1tkLJk,Our Must Have Candle Making Supplies & Equipment | Beginner to Advanced Candle Makers,722.0,storyboard,55,441.22,449.24,8.02,https://youtu.be/VnrkS1tkLJk?t=441s,gather_materials,prep,1,0.5,Candle-making equipment/supplies shown.,"ae SB. Pith ha ee 2 MET, pee iy 9 4 My re ee SY 2",1,0.0,0.1,0.16,0.58,0.096,"#d7d7cb,#9d917b,#4c443b",1,,
Vp4eR_y0Zsc,https://www.youtube.com/watch?v=Vp4eR_y0Zsc,Candle Making DIY bubble Candle | Make aesthetic candles with me! |큐브캔들 만들기,509.0,storyboard,0,0.0,7.95,7.95,https://youtu.be/Vp4eR_y0Zsc?t=0s,gather_materials,prep,1,0.45,Bubble silicone moulds and finished bubble candles.,Pe,0,0.0,0.107,0.185,0.587,0.081,"#988c80,#c2bcb3,#534540",1,,
Vsd8r7uSDII,https://www.youtube.com/watch?v=Vsd8r7uSDII,How To Make A Wooden Wick Candle | Luxury Candle Making,288.0,storyboard,2,16.0,24.0,8.0,https://youtu.be/Vsd8r7uSDII?t=16s,gather_materials,prep,1,0.55,Host presents the supplies on the table.,Ni rw si oe 4 Le ae 7 aS ae,1,0.333,0.091,0.161,0.526,0.079,"#7a8375,#bcbbb2,#2c2e2c",1,,
Vsd8r7uSDII,https://www.youtube.com/watch?v=Vsd8r7uSDII,How To Make A Wooden Wick Candle | Luxury Candle Making,288.0,storyboard,3,24.0,32.0,8.0,https://youtu.be/Vsd8r7uSDII?t=24s,gather_materials,prep,1,0.55,Dark fragrance bottles shown; host.,"eS. Cl ust von veh ek, alee aia aia il patos iy haut OI pik Van Se if",1,0.0,0.129,0.089,0.515,0.095,"#808075,#c6c4bc,#2e2e2a",1,,
WfkIQ899U7M,https://www.youtube.com/watch?v=WfkIQ899U7M,Making a Batch of Candles and Packing an Order | Silent Studio Vlog,240.0,storyboard,0,0.0,8.0,8.0,https://youtu.be/WfkIQ899U7M?t=0s,gather_materials,prep,1,0.45,Dark workspace; black jars and supplies.,Ile wf Ps aie of!,1,0.0,0.023,0.062,0.429,0.111,"#866952,#b3a79b,#372016",1,,
ZQk9l2ttcIA,https://www.youtube.com/watch?v=ZQk9l2ttcIA,A Beginners Guide To Making A Candle,256.0,storyboard,2,16.0,24.0,8.0,https://youtu.be/ZQk9l2ttcIA?t=16s,gather_materials,prep,1,0.55,host with supplies laid on table,WO ATT,0,0.333,0.108,0.219,0.611,0.087,"#bdbfbf,#2e3131,#7a7879",1,,
_0gbnNLyE6k,https://www.youtube.com/watch?v=_0gbnNLyE6k,How To: Find The Right Wooden Wick! (Step by Step Guide),880.0,storyboard,82,656.0,664.0,8.0,https://youtu.be/_0gbnNLyE6k?t=656s,gather_materials,prep,1,0.5,Wooden-wick samples laid out / shown.,,0,0.0,0.01,0.035,0.905,0.089,"#f0faf0,#dbe5d4,#c6b595",1,,
_0gbnNLyE6k,https://www.youtube.com/watch?v=_0gbnNLyE6k,How To: Find The Right Wooden Wick! (Step by Step Guide),880.0,storyboard,83,664.0,672.0,8.0,https://youtu.be/_0gbnNLyE6k?t=664s,gather_materials,prep,1,0.5,Wooden-wick samples laid out / shown.,,0,0.0,0.008,0.149,0.868,0.129,"#f7fbf8,#ad8364,#d3ba9d",1,,
_0gbnNLyE6k,https://www.youtube.com/watch?v=_0gbnNLyE6k,How To: Find The Right Wooden Wick! (Step by Step Guide),880.0,storyboard,84,672.0,680.0,8.0,https://youtu.be/_0gbnNLyE6k?t=672s,gather_materials,prep,1,0.5,Wooden-wick samples laid out / shown.,,0,0.0,0.0,0.153,0.854,0.125,"#e0e9e1,#b18568,#c8ad8c",1,,
_0gbnNLyE6k,https://www.youtube.com/watch?v=_0gbnNLyE6k,How To: Find The Right Wooden Wick! (Step by Step Guide),880.0,storyboard,85,680.0,688.0,8.0,https://youtu.be/_0gbnNLyE6k?t=680s,gather_materials,prep,1,0.5,Wooden-wick samples laid out / shown.,"Wi,",0,0.0,0.035,0.0,0.837,0.114,"#e0e9e1,#c5a784,#d1c2aa",1,,
_0gbnNLyE6k,https://www.youtube.com/watch?v=_0gbnNLyE6k,How To: Find The Right Wooden Wick! (Step by Step Guide),880.0,storyboard,86,688.0,696.0,8.0,https://youtu.be/_0gbnNLyE6k?t=688s,gather_materials,prep,1,0.5,Wooden-wick samples laid out / shown.,,0,0.0,0.004,0.11,0.825,0.115,"#dde6de,#b08c69,#c8b398",1,,
_0gbnNLyE6k,https://www.youtube.com/watch?v=_0gbnNLyE6k,How To: Find The Right Wooden Wick! (Step by Step Guide),880.0,storyboard,87,696.0,704.0,8.0,https://youtu.be/_0gbnNLyE6k?t=696s,gather_materials,prep,1,0.5,Wooden-wick samples laid out / shown.,,0,0.0,0.006,0.197,0.726,0.154,"#d9e0d9,#7d3629,#ad8873",1,,
_au1ji8rMkM,https://www.youtube.com/watch?v=_au1ji8rMkM,DIY Ice Candle // Candle Making at Home for Beginners // DIY Candle Making,102.0,storyboard,2,15.69,23.54,7.85,https://youtu.be/_au1ji8rMkM?t=16s,gather_materials,prep,1,0.45,'Describe in One Word' caption; soy wax bag and white wax.,lO OO Fr fg,1,0.0,0.106,0.161,0.455,0.122,"#4d4449,#baa39d,#87797e",1,,
_eyf0tCZzBY,https://www.youtube.com/watch?v=_eyf0tCZzBY,Non-toxic DIY Candles with Beeswax & Coconut Oil | Great for Meditation and Manifesting Practices,150.0,storyboard,1,7.89,15.79,7.9,https://youtu.be/_eyf0tCZzBY?t=8s,gather_materials,prep,1,0.55,"Overhead: beeswax block, a jar of coconut oil and metal tins laid out.",,0,0.0,0.151,0.251,0.698,0.173,"#e0e1d9,#afa592,#665236",1,,
_eyf0tCZzBY,https://www.youtube.com/watch?v=_eyf0tCZzBY,Non-toxic DIY Candles with Beeswax & Coconut Oil | Great for Meditation and Manifesting Practices,150.0,storyboard,2,15.79,23.68,7.89,https://youtu.be/_eyf0tCZzBY?t=16s,gather_materials,prep,1,0.5,Tins and ingredients arranged on the dark surface.,wx eee OV ee bs Noe VS,1,0.333,0.236,0.254,0.655,0.204,"#e3ddd5,#bea683,#6a6031",1,,
a9IOU3fbWx0,https://www.youtube.com/watch?v=a9IOU3fbWx0,How to Make Simple Paraffin Candles | Candle Making Guides | CandleScience,221.0,storyboard,5,39.46,47.36,7.9,https://youtu.be/a9IOU3fbWx0?t=39s,gather_materials,prep,1,0.55,Row of black fragrance bottles shown.,de ao. SS Te,1,0.0,0.014,0.164,0.569,0.022,"#a7a7a6,#8e8f8f,#767570",1,,
bE3cn6R9khs,https://www.youtube.com/watch?v=bE3cn6R9khs,HOW TO MAKE CANDLES THAT ACTUALLY SMELL GOOD,263.0,storyboard,6,47.82,55.79,7.97,https://youtu.be/bE3cn6R9khs?t=48s,gather_materials,prep,1,0.4,A black spoon and black pan for the double boiler.,2,0,0.0,0.077,0.114,0.243,0.1,"#463830,#61637f,#c5cfea",1,,
bEhlvggbwk8,https://www.youtube.com/watch?v=bEhlvggbwk8,Wick Candle Maker by We R Memory Keepers,82.0,storyboard,0,0.0,8.2,8.2,https://youtu.be/bEhlvggbwk8?t=0s,gather_materials,prep,1,0.5,White We R Memory Keepers 'Wick' candle machine with a teal wax ball and blue dye.,et,0,0.0,0.047,0.221,0.783,0.11,"#d5d6d7,#b39f95,#8a6b62",1,,description references on-screen text but OCR found none
bOutp9y0oxE,https://www.youtube.com/watch?v=bOutp9y0oxE,Tealight Candle Making At Home 😱/ Tea Light Candles Holder / diwali decoration Idea 2025/DIY Candle🥰,83.0,storyboard,0,0.0,8.3,8.3,https://youtu.be/bOutp9y0oxE?t=0s,gather_materials,prep,1,0.5,A metal tin holds white wax/old-candle pieces on a table; hands begin to handle them (SUBSCRIBE overlay present).,Anisharaftslocas ee UseitOld Candle co,1,0.333,0.041,0.169,0.776,0.116,"#e8eced,#b4a7a0,#764c3e",1,,
brxojqIpgH0,https://www.youtube.com/watch?v=brxojqIpgH0,How to Make Soy Tealight Candles | DIY Candle Making,171.0,storyboard,1,8.14,16.29,8.15,https://youtu.be/brxojqIpgH0?t=8s,gather_materials,prep,1,0.55,Host beside a tray of pink/red tealight cups.,art ae 7 ah wig ers er 7 2 ee ee,1,0.0,0.065,0.24,0.615,0.103,"#c1738d,#c9bab9,#a23d5a",1,,
brxojqIpgH0,https://www.youtube.com/watch?v=brxojqIpgH0,How to Make Soy Tealight Candles | DIY Candle Making,171.0,storyboard,2,16.29,24.43,8.14,https://youtu.be/brxojqIpgH0?t=16s,gather_materials,prep,1,0.6,"Materials list caption: soy wax, tealight cups, wicks, wick stickers, fragrance, candle dye.",soy wax tealight cups wieks wick stickers fragrance an candiedye 4,1,0.0,0.111,0.038,0.801,0.028,"#d4d5d5,#b4b4b6,#38393c",1,,
brxojqIpgH0,https://www.youtube.com/watch?v=brxojqIpgH0,How to Make Soy Tealight Candles | DIY Candle Making,171.0,storyboard,3,24.43,32.57,8.14,https://youtu.be/brxojqIpgH0?t=24s,gather_materials,prep,1,0.5,Host presents the supplies list to camera.,soy wax tealight cups 2Wicks wiek stickers fragrance candle dye,1,0.0,0.111,0.04,0.805,0.021,"#d4d3d4,#aba09d,#4f4242",1,,
brxojqIpgH0,https://www.youtube.com/watch?v=brxojqIpgH0,How to Make Soy Tealight Candles | DIY Candle Making,171.0,storyboard,4,32.57,40.71,8.14,https://youtu.be/brxojqIpgH0?t=33s,gather_materials,prep,1,0.5,Supplies list with candle dye highlighted.,candle dye,1,0.0,0.109,0.022,0.809,0.02,"#d6d6d6,#b6b5b6,#424141",1,,
e2RHQ6LVr-w,https://www.youtube.com/watch?v=e2RHQ6LVr-w,Making Candles at Home- Full Step-by-Step Tutorial,883.0,storyboard,2,16.05,24.08,8.03,https://youtu.be/e2RHQ6LVr-w?t=16s,gather_materials,prep,1,0.4,"Showing wax bag, jars and supplies.",my iy,0,0.0,0.192,0.0,0.566,0.092,"#cbb39c,#8a7260,#3c281d",1,,
e2RHQ6LVr-w,https://www.youtube.com/watch?v=e2RHQ6LVr-w,Making Candles at Home- Full Step-by-Step Tutorial,883.0,storyboard,23,184.63,192.65,8.02,https://youtu.be/e2RHQ6LVr-w?t=185s,gather_materials,prep,1,0.4,"Showing wax bag, jars and supplies.",ad,0,0.0,0.158,0.066,0.578,0.084,"#d1c2b0,#968372,#402d21",1,,
ejlyZKwVMU8,https://www.youtube.com/watch?v=ejlyZKwVMU8,HOW TO MAKE WOODEN WICK SCENTED CANDLE | SOY WAX VANILLA SANDAL CANDLE DIY,117.0,storyboard,0,0.0,7.8,7.8,https://youtu.be/ejlyZKwVMU8?t=0s,gather_materials,prep,1,0.5,Overhead: a small grey handmade clay cup sits ready on a white surface.,ee,0,0.0,0.026,0.077,0.583,0.045,"#b2b2b1,#93918e,#605d58",1,,
ejlyZKwVMU8,https://www.youtube.com/watch?v=ejlyZKwVMU8,HOW TO MAKE WOODEN WICK SCENTED CANDLE | SOY WAX VANILLA SANDAL CANDLE DIY,117.0,storyboard,1,7.8,15.6,7.8,https://youtu.be/ejlyZKwVMU8?t=8s,gather_materials,prep,1,0.55,A hand holds the clay vessel (caption 'handmade clay cup') beside a pile of white soy wax flakes.,AL,0,0.0,0.042,0.08,0.565,0.081,"#98908b,#c1c0be,#685e58",1,,description references on-screen text but OCR found none
eyBrs0uVjyw,https://www.youtube.com/watch?v=eyBrs0uVjyw,DIY candle making kit,549.0,storyboard,34,270.52,278.48,7.96,https://youtu.be/eyBrs0uVjyw?t=271s,gather_materials,prep,1,0.45,Unboxing/showing the candle-kit supplies.,oe,0,0.0,0.076,0.0,0.511,0.103,"#d9d1c4,#352624,#89736b",1,,
eyBrs0uVjyw,https://www.youtube.com/watch?v=eyBrs0uVjyw,DIY candle making kit,549.0,storyboard,39,310.3,318.26,7.96,https://youtu.be/eyBrs0uVjyw?t=310s,gather_materials,prep,1,0.45,Unboxing/showing the candle-kit supplies.,2 ph,0,0.0,0.079,0.101,0.639,0.113,"#d6ccbe,#91785f,#2f2824",1,,
eyBrs0uVjyw,https://www.youtube.com/watch?v=eyBrs0uVjyw,DIY candle making kit,549.0,storyboard,40,318.26,326.22,7.96,https://youtu.be/eyBrs0uVjyw?t=318s,gather_materials,prep,1,0.45,Unboxing/showing the candle-kit supplies.,9,0,0.0,0.066,0.067,0.51,0.138,"#462d2c,#ddd7ce,#9a7f73",1,,
eyBrs0uVjyw,https://www.youtube.com/watch?v=eyBrs0uVjyw,DIY candle making kit,549.0,storyboard,60,477.39,485.35,7.96,https://youtu.be/eyBrs0uVjyw?t=477s,gather_materials,prep,1,0.45,Unboxing/showing the candle-kit supplies.,2 ta,0,0.0,0.137,0.0,0.55,0.103,"#cbc4b9,#362626,#8c776f",1,,
f1l30y3gm84,https://www.youtube.com/watch?v=f1l30y3gm84,"all things wax! | asmr, cleaning, candle making…",525.0,storyboard,0,0.0,7.95,7.95,https://youtu.be/f1l30y3gm84?t=0s,gather_materials,prep,1,0.4,Rainbow wax build-up in a metal trough; a cactus candle.,"oe ee 7 yu oo 23 1 ys ay ae tT thd ox 3 SSF Brass ema te, ete Ces uw bs rs ae 3 ove Neg le ep ae ee eI ey ear es oa",1,0.0,0.169,0.171,0.591,0.156,"#a59281,#d3c7be,#79624c",1,,
fPLxwt3A3pA,https://www.youtube.com/watch?v=fPLxwt3A3pA,DIY Transparent Candles – No Gel Wax Needed!Easy Tutorial,118.0,storyboard,1,7.87,15.73,7.86,https://youtu.be/fPLxwt3A3pA?t=8s,gather_materials,prep,1,0.4,Red rose/petal pieces and a metal melting pot are gathered.,6 9 3,0,0.0,0.017,0.214,0.475,0.193,"#543630,#97674b,#b2b3a7",1,,
fhuTHnPrqIM,https://www.youtube.com/watch?v=fhuTHnPrqIM,The candle that never goes out and lasts  FOREVER,170.0,storyboard,1,8.1,16.19,8.09,https://youtu.be/fhuTHnPrqIM?t=8s,gather_materials,prep,1,0.5,"Hands lay out materials (cork, foil, wick, oil) on a wooden table.","Sy, 6 you can use any type of pebbles you hz EAs any type of pebbles you have at home iS ae Ae",1,0.0,0.079,0.077,0.55,0.17,"#c99a6f,#9f7859,#6e5132",1,,
gUmo_4_EhuI,https://www.youtube.com/watch?v=gUmo_4_EhuI,Make DIY Aesthetic Candles with Me | DIY cute candles handmade candle gift ideas | Temu molds review,529.0,storyboard,1,8.02,16.03,8.01,https://youtu.be/gUmo_4_EhuI?t=8s,gather_materials,prep,1,0.4,"Temu silicone moulds (flowers, balls) shown.",SE,0,0.0,0.027,0.0,0.665,0.118,"#cfc8be,#aba095,#806b5e",1,,
gUmo_4_EhuI,https://www.youtube.com/watch?v=gUmo_4_EhuI,Make DIY Aesthetic Candles with Me | DIY cute candles handmade candle gift ideas | Temu molds review,529.0,storyboard,2,16.03,24.05,8.02,https://youtu.be/gUmo_4_EhuI?t=16s,gather_materials,prep,1,0.4,"Temu silicone moulds (flowers, balls) shown.","fi aS TEMU reached gut fo me to try some of their products for ery channel. chose these motds, some supplies for candle Making eng large tray mold for Jesmonite.",1,0.0,0.07,0.147,0.615,0.06,"#bfbab1,#9b958c,#6a645b",1,,
gUmo_4_EhuI,https://www.youtube.com/watch?v=gUmo_4_EhuI,Make DIY Aesthetic Candles with Me | DIY cute candles handmade candle gift ideas | Temu molds review,529.0,storyboard,3,24.05,32.06,8.01,https://youtu.be/gUmo_4_EhuI?t=24s,gather_materials,prep,1,0.4,"Temu silicone moulds (flowers, balls) shown.",oo oS SS sy re gs tae This package orrivad in 7 business days!,1,0.0,0.061,0.117,0.503,0.179,"#9a7678,#afa5a0,#735a57",1,,
hFXp2bgxQh8,https://www.youtube.com/watch?v=hFXp2bgxQh8,how to easily set up a wooden wick 🕯️ candle making tips,107.0,storyboard,1,8.23,16.46,8.23,https://youtu.be/hFXp2bgxQh8?t=8s,gather_materials,prep,1,0.55,Close-up on white marble of wooden-wick clips and a green dish; caption 'WOODEN WICK CLIPS'.,4 7 WOODEN WICK CLIPS,1,0.0,0.042,0.202,0.716,0.073,"#d5d7ea,#b6afb9,#6a574e",1,,
hHRi4I1mWuU,https://www.youtube.com/watch?v=hHRi4I1mWuU,Everyone’s freaking out over these Candle HACKS using Dollar Tree Candles,883.0,storyboard,0,0.0,8.03,8.03,https://youtu.be/hHRi4I1mWuU?t=0s,gather_materials,prep,1,0.4,Kitchen setup; glasses and oven for coffee candles.,,0,0.0,0.107,0.27,0.467,0.165,"#372b21,#bcb2a3,#836a5c",1,,
hHRi4I1mWuU,https://www.youtube.com/watch?v=hHRi4I1mWuU,Everyone’s freaking out over these Candle HACKS using Dollar Tree Candles,883.0,storyboard,1,8.03,16.05,8.02,https://youtu.be/hHRi4I1mWuU?t=8s,gather_materials,prep,1,0.4,Kitchen setup; glasses and oven for coffee candles.,Oro he aa 3,1,0.0,0.065,0.314,0.76,0.094,"#f8f7f7,#bcb6a5,#736150",1,,
hHRi4I1mWuU,https://www.youtube.com/watch?v=hHRi4I1mWuU,Everyone’s freaking out over these Candle HACKS using Dollar Tree Candles,883.0,storyboard,2,16.05,24.08,8.03,https://youtu.be/hHRi4I1mWuU?t=16s,gather_materials,prep,1,0.4,Kitchen setup; glasses and oven for coffee candles.,2 gon 7 peor rf,1,0.0,0.025,0.0,0.328,0.078,"#17161a,#50484e,#b2afb0",1,,
hHRi4I1mWuU,https://www.youtube.com/watch?v=hHRi4I1mWuU,Everyone’s freaking out over these Candle HACKS using Dollar Tree Candles,883.0,storyboard,3,24.08,32.11,8.03,https://youtu.be/hHRi4I1mWuU?t=24s,gather_materials,prep,1,0.4,Kitchen setup; glasses and oven for coffee candles.,seetT ITT ty Masai 31 Ys 1,1,0.0,0.2,0.476,0.386,0.236,"#1a0905,#6b3a1f,#cd8e58",1,,
imxg0XoPkmg,https://www.youtube.com/watch?v=imxg0XoPkmg,DIY Coconut and Beezwax Candle,74.0,storyboard,0,0.0,8.22,8.22,https://youtu.be/imxg0XoPkmg?t=0s,gather_materials,prep,1,0.5,An empty glass mixing bowl sits ready on the counter at the start of the recipe.,Dla init aati eS 4 oe et poe as Mtge Nar APY 7 4 es,1,0.333,0.062,0.076,0.683,0.15,"#c6ab8e,#ab8a54,#e6d1b9",1,,
ixtOL_gQNEQ,https://www.youtube.com/watch?v=ixtOL_gQNEQ,What's the BEST Flower Candle WAX? 9 Wax casts tests with silicone mold,854.0,storyboard,33,263.38,271.36,7.98,https://youtu.be/ixtOL_gQNEQ?t=263s,gather_materials,prep,1,0.5,Wax blocks/flakes for the test shown (Paraffin / Cargill NatureWax).,Zz,0,0.0,0.068,0.0,0.555,0.134,"#c4aeaa,#938a82,#302117",1,,
ixtOL_gQNEQ,https://www.youtube.com/watch?v=ixtOL_gQNEQ,What's the BEST Flower Candle WAX? 9 Wax casts tests with silicone mold,854.0,storyboard,79,630.52,638.5,7.98,https://youtu.be/ixtOL_gQNEQ?t=631s,gather_materials,prep,1,0.5,Wax blocks/flakes for the test shown (Paraffin / Cargill NatureWax).,"ro ee SS Sot SSF Ss sy, Se Eee 7 op xf Par ie SiG: 8 aS itl ei ip os su gs ee Bo gtr ee en 2 re el ey",1,0.0,0.035,0.2,0.589,0.173,"#a8a198,#deb9b6,#877972",1,,
jJWl9Kpwbno,https://www.youtube.com/watch?v=jJWl9Kpwbno,How to Make Candles in 5 Minutes (Crash Course) | DIY Candle Making for Beginners,442.0,storyboard,22,176.8,184.84,8.04,https://youtu.be/jJWl9Kpwbno?t=177s,gather_materials,prep,1,0.4,bowls of dye / materials,,0,0.0,0.062,0.182,0.153,0.142,"#020104,#082c6b,#829fd3",1,,
jJWl9Kpwbno,https://www.youtube.com/watch?v=jJWl9Kpwbno,How to Make Candles in 5 Minutes (Crash Course) | DIY Candle Making for Beginners,442.0,storyboard,24,192.87,200.91,8.04,https://youtu.be/jJWl9Kpwbno?t=193s,gather_materials,prep,1,0.45,row of jars b-roll,ey nen aun,1,0.0,0.102,0.0,0.548,0.082,"#949491,#33322f,#dee0e3",1,,
jJWl9Kpwbno,https://www.youtube.com/watch?v=jJWl9Kpwbno,How to Make Candles in 5 Minutes (Crash Course) | DIY Candle Making for Beginners,442.0,storyboard,26,208.95,216.98,8.03,https://youtu.be/jJWl9Kpwbno?t=209s,gather_materials,prep,1,0.4,containers b-roll,"Vawe wo Ce, Vib 4",1,0.0,0.141,0.289,0.363,0.069,"#1e1b19,#42433f,#988983",1,,
jJWl9Kpwbno,https://www.youtube.com/watch?v=jJWl9Kpwbno,How to Make Candles in 5 Minutes (Crash Course) | DIY Candle Making for Beginners,442.0,storyboard,35,281.27,289.31,8.04,https://youtu.be/jJWl9Kpwbno?t=281s,gather_materials,prep,1,0.4,coloured wax pile b-roll,Ser Srein,1,0.0,0.332,0.0,0.437,0.145,"#8d5d5a,#c3a796,#4b201b",1,,
m8gO36sLIfo,https://www.youtube.com/watch?v=m8gO36sLIfo,Easy Candle Making for Kids | Fun DIY Candle Tutorial at Home,214.0,storyboard,1,7.93,15.85,7.92,https://youtu.be/m8gO36sLIfo?t=8s,gather_materials,prep,1,0.4,Hand with wax/supplies.,ee ti Wer. 7 Tr Px. ex ool. yh he OTE OE Oi Se. Ome ae ox Os he ie Roy ay: ee 0 to,1,0.0,0.014,0.136,0.519,0.142,"#857c72,#4e463e,#b8a59d",1,,
ni6Z78PCyVw,https://www.youtube.com/watch?v=ni6Z78PCyVw,"The MAJOR DIFFERENCES between SOY WAX, PARAFFIN WAX, & GEL WAX",235.0,storyboard,11,89.14,97.24,8.1,https://youtu.be/ni6Z78PCyVw?t=89s,gather_materials,prep,1,0.4,White wax block / candles shown.,,0,0.333,0.012,0.11,0.189,0.095,"#3b261c,#59473b,#928e78",1,,
ni6Z78PCyVw,https://www.youtube.com/watch?v=ni6Z78PCyVw,"The MAJOR DIFFERENCES between SOY WAX, PARAFFIN WAX, & GEL WAX",235.0,storyboard,12,97.24,105.34,8.1,https://youtu.be/ni6Z78PCyVw?t=97s,gather_materials,prep,1,0.4,White wax and candles on a surface.,,0,0.0,0.008,0.229,0.482,0.065,"#403234,#7d6661,#bfab9f",1,,
ni6Z78PCyVw,https://www.youtube.com/watch?v=ni6Z78PCyVw,"The MAJOR DIFFERENCES between SOY WAX, PARAFFIN WAX, & GEL WAX",235.0,storyboard,13,105.34,113.45,8.11,https://youtu.be/ni6Z78PCyVw?t=105s,gather_materials,prep,1,0.45,Host talks to camera.,it at he 2 7,1,0.333,0.015,0.165,0.287,0.102,"#725e4f,#341b13,#989084",1,,
ni6Z78PCyVw,https://www.youtube.com/watch?v=ni6Z78PCyVw,"The MAJOR DIFFERENCES between SOY WAX, PARAFFIN WAX, & GEL WAX",235.0,storyboard,14,113.45,121.55,8.1,https://youtu.be/ni6Z78PCyVw?t=113s,gather_materials,prep,1,0.4,Close-up of a white wax block.,,0,0.0,0.047,0.44,0.351,0.18,"#f8c4f4,#28151c,#714057",1,,
nnm8jirkn64,https://www.youtube.com/watch?v=nnm8jirkn64,5 Things I Don't Like About Wood Wicks (But Still Use Them!),431.0,storyboard,24,191.56,199.54,7.98,https://youtu.be/nnm8jirkn64?t=192s,gather_materials,prep,1,0.4,Hands work at the table (b-roll).,see 2 ae Vit ran Sy,1,0.0,0.035,0.216,0.655,0.149,"#ba9d86,#714d3d,#ebe6df",1,,
nnm8jirkn64,https://www.youtube.com/watch?v=nnm8jirkn64,5 Things I Don't Like About Wood Wicks (But Still Use Them!),431.0,storyboard,25,199.54,207.52,7.98,https://youtu.be/nnm8jirkn64?t=200s,gather_materials,prep,1,0.4,Overhead supplies.,ey ts ay 4 4 Ne,1,0.0,0.066,0.0,0.6,0.136,"#ba9b82,#44342b,#eae6df",1,,
oMSta9suaQ8,https://www.youtube.com/watch?v=oMSta9suaQ8,How to make marble candles // Marble candle tutorial // DIY marbled candles,115.0,storyboard,2,16.43,24.64,8.21,https://youtu.be/oMSta9suaQ8?t=16s,gather_materials,prep,1,0.5,"Host talks, then overhead view of small glass dishes and supplies on the bench.",,0,0.0,0.011,0.066,0.673,0.118,"#d4bea9,#c5a68c,#b38b70",1,,
qavzkjldNdE,https://www.youtube.com/watch?v=qavzkjldNdE,DIY dessert candle | How to make candles at home | handmade freedom coconut soy wax wood wick gifts,760.0,storyboard,1,8.0,16.0,8.0,https://youtu.be/qavzkjldNdE?t=8s,gather_materials,prep,1,0.45,Pink silicone shape moulds shown.,wi se SA eo 2 oe oa,1,0.0,0.153,0.0,0.693,0.126,"#baabbd,#8f637d,#fcf5f2",1,,
qavzkjldNdE,https://www.youtube.com/watch?v=qavzkjldNdE,DIY dessert candle | How to make candles at home | handmade freedom coconut soy wax wood wick gifts,760.0,storyboard,6,48.0,56.0,8.0,https://youtu.be/qavzkjldNdE?t=48s,gather_materials,prep,1,0.45,Kit supplies and a measuring cup.,,0,0.0,0.02,0.0,0.636,0.113,"#c2bbc6,#a1808c,#714350",1,,
qavzkjldNdE,https://www.youtube.com/watch?v=qavzkjldNdE,DIY dessert candle | How to make candles at home | handmade freedom coconut soy wax wood wick gifts,760.0,storyboard,7,56.0,64.0,8.0,https://youtu.be/qavzkjldNdE?t=56s,gather_materials,prep,1,0.45,Glasses and a 'Village' wax bag.,7 ae: ft ve yo FG ly Sam 4 VILLAGE asese 4,1,0.0,0.057,0.18,0.61,0.072,"#c6c2ce,#a2959a,#725f5f",1,,
qlyYdhfU5nA,https://www.youtube.com/watch?v=qlyYdhfU5nA,🎥 Beginner’s Guide to Candle Making | Step-by-Step Tutorial 🕯️,204.0,storyboard,7,54.92,62.77,7.85,https://youtu.be/qlyYdhfU5nA?t=55s,gather_materials,prep,1,0.5,supplies/product showcase grid,Oem eo ie ev 1 meee eee oe ee ee ee te Ape oun oreeinwat Rita Guewees eee all,1,0.0,0.027,0.088,0.926,0.089,"#fcfdfc,#d6dce7,#8b9376",1,,
qlyYdhfU5nA,https://www.youtube.com/watch?v=qlyYdhfU5nA,🎥 Beginner’s Guide to Candle Making | Step-by-Step Tutorial 🕯️,204.0,storyboard,8,62.77,70.62,7.85,https://youtu.be/qlyYdhfU5nA?t=63s,gather_materials,prep,1,0.5,"host holding supply box, product shots",Bea Sta,0,0.0,0.031,0.156,0.732,0.08,"#cfcacb,#251e17,#837361",1,,
qlyYdhfU5nA,https://www.youtube.com/watch?v=qlyYdhfU5nA,🎥 Beginner’s Guide to Candle Making | Step-by-Step Tutorial 🕯️,204.0,storyboard,9,70.62,78.46,7.84,https://youtu.be/qlyYdhfU5nA?t=71s,gather_materials,prep,1,0.6,host talking at desk,aa CS 4 mn 4,1,0.0,0.031,0.124,0.656,0.074,"#cfcbcb,#837463,#251f18",1,,
qlyYdhfU5nA,https://www.youtube.com/watch?v=qlyYdhfU5nA,🎥 Beginner’s Guide to Candle Making | Step-by-Step Tutorial 🕯️,204.0,storyboard,10,78.46,86.31,7.85,https://youtu.be/qlyYdhfU5nA?t=78s,gather_materials,prep,1,0.45,wax bag close-up,ea.,0,0.0,0.034,0.127,0.654,0.073,"#d1cdce,#28211a,#8d8070",1,,
qz7Nr43IJ20,https://www.youtube.com/watch?v=qz7Nr43IJ20,ICED COFFEE CANDLE TUTORIAL | DIY gel wax ice cubes #icedcoffee #coffeecandle,112.0,storyboard,0,0.0,8.0,8.0,https://youtu.be/qz7Nr43IJ20?t=0s,gather_materials,prep,1,0.45,Iced-coffee candle supplies; brown gel wax.,HEARN TOMAKE ICED FFEEMCANDLE,1,0.0,0.086,0.224,0.715,0.107,"#e2dcd9,#643731,#a99789",1,,
rUEC3rlSdCc,https://www.youtube.com/watch?v=rUEC3rlSdCc,Candle Maker Tries the Ksedcon Candle Melting Pot for the First Time | IS IT WORTH IT?!,732.0,storyboard,11,87.52,95.48,7.96,https://youtu.be/rUEC3rlSdCc?t=88s,gather_materials,prep,1,0.4,Unboxing the Ksedcon wax melter.,tah ce ha ae we ea,1,0.0,0.03,0.03,0.425,0.084,"#453734,#887a75,#b4b0b4",1,,
utr9EuGsSJs,https://www.youtube.com/watch?v=utr9EuGsSJs,DIY Scented Freedom Soy Wax Candles at home |  Candle making kit review | Microwave your wax!,509.0,storyboard,0,0.0,7.95,7.95,https://youtu.be/utr9EuGsSJs?t=0s,gather_materials,prep,1,0.45,"Unboxing the candle kit (Freedom soy wax, jars, wicks).",7 Ie 4 Hernunder Vilage Craft Curae Startar Ait OS/29/2024,1,0.0,0.062,0.225,0.612,0.117,"#705740,#f0ece7,#969188",1,,
utr9EuGsSJs,https://www.youtube.com/watch?v=utr9EuGsSJs,DIY Scented Freedom Soy Wax Candles at home |  Candle making kit review | Microwave your wax!,509.0,storyboard,1,7.95,15.91,7.96,https://youtu.be/utr9EuGsSJs?t=8s,gather_materials,prep,1,0.45,"Unboxing the candle kit (Freedom soy wax, jars, wicks).",,0,0.0,0.022,0.0,0.55,0.09,"#e4ded6,#3b1f15,#86766a",1,,
utr9EuGsSJs,https://www.youtube.com/watch?v=utr9EuGsSJs,DIY Scented Freedom Soy Wax Candles at home |  Candle making kit review | Microwave your wax!,509.0,storyboard,2,15.91,23.86,7.95,https://youtu.be/utr9EuGsSJs?t=16s,gather_materials,prep,1,0.45,"Unboxing the candle kit (Freedom soy wax, jars, wicks).",,0,0.0,0.043,0.296,0.553,0.092,"#897564,#c7c6bf,#413328",1,,
utr9EuGsSJs,https://www.youtube.com/watch?v=utr9EuGsSJs,DIY Scented Freedom Soy Wax Candles at home |  Candle making kit review | Microwave your wax!,509.0,storyboard,3,23.86,31.81,7.95,https://youtu.be/utr9EuGsSJs?t=24s,gather_materials,prep,1,0.45,"Unboxing the candle kit (Freedom soy wax, jars, wicks).",4,0,0.0,0.059,0.292,0.51,0.094,"#5f4b3e,#c7c5bd,#937a71",1,,
utr9EuGsSJs,https://www.youtube.com/watch?v=utr9EuGsSJs,DIY Scented Freedom Soy Wax Candles at home |  Candle making kit review | Microwave your wax!,509.0,storyboard,5,39.77,47.72,7.95,https://youtu.be/utr9EuGsSJs?t=40s,gather_materials,prep,1,0.45,"Unboxing the candle kit (Freedom soy wax, jars, wicks).",as 4 2 df oa 5 eee Lan,1,0.0,0.057,0.131,0.471,0.105,"#c2bfaf,#857463,#443020",1,,
utr9EuGsSJs,https://www.youtube.com/watch?v=utr9EuGsSJs,DIY Scented Freedom Soy Wax Candles at home |  Candle making kit review | Microwave your wax!,509.0,storyboard,6,47.72,55.67,7.95,https://youtu.be/utr9EuGsSJs?t=48s,gather_materials,prep,1,0.45,"Unboxing the candle kit (Freedom soy wax, jars, wicks).","Pity TA ay, Pa Se ae 2",1,0.0,0.084,0.103,0.49,0.103,"#c2bbad,#85705f,#412c1d",1,,
utr9EuGsSJs,https://www.youtube.com/watch?v=utr9EuGsSJs,DIY Scented Freedom Soy Wax Candles at home |  Candle making kit review | Microwave your wax!,509.0,storyboard,7,55.67,63.62,7.95,https://youtu.be/utr9EuGsSJs?t=56s,gather_materials,prep,1,0.45,"Unboxing the candle kit (Freedom soy wax, jars, wicks).",,0,0.0,0.004,0.0,0.569,0.105,"#a2938e,#74534e,#d9dddc",1,,
utr9EuGsSJs,https://www.youtube.com/watch?v=utr9EuGsSJs,DIY Scented Freedom Soy Wax Candles at home |  Candle making kit review | Microwave your wax!,509.0,storyboard,8,63.62,71.58,7.96,https://youtu.be/utr9EuGsSJs?t=64s,gather_materials,prep,1,0.45,"Unboxing the candle kit (Freedom soy wax, jars, wicks).",,0,0.0,0.047,0.218,0.488,0.098,"#8d917d,#4e4936,#cdcdc3",1,,
utr9EuGsSJs,https://www.youtube.com/watch?v=utr9EuGsSJs,DIY Scented Freedom Soy Wax Candles at home |  Candle making kit review | Microwave your wax!,509.0,storyboard,9,71.58,79.53,7.95,https://youtu.be/utr9EuGsSJs?t=72s,gather_materials,prep,1,0.45,"Unboxing the candle kit (Freedom soy wax, jars, wicks).",2 oy he Dp,1,0.0,0.043,0.296,0.503,0.086,"#594839,#989287,#e0e2dd",1,,
utr9EuGsSJs,https://www.youtube.com/watch?v=utr9EuGsSJs,DIY Scented Freedom Soy Wax Candles at home |  Candle making kit review | Microwave your wax!,509.0,storyboard,10,79.53,87.48,7.95,https://youtu.be/utr9EuGsSJs?t=80s,gather_materials,prep,1,0.45,"Unboxing the candle kit (Freedom soy wax, jars, wicks).",ep we,0,0.0,0.029,0.188,0.509,0.1,"#9b9086,#524937,#d0cec5",1,,
utr9EuGsSJs,https://www.youtube.com/watch?v=utr9EuGsSJs,DIY Scented Freedom Soy Wax Candles at home |  Candle making kit review | Microwave your wax!,509.0,storyboard,11,87.48,95.44,7.96,https://youtu.be/utr9EuGsSJs?t=87s,gather_materials,prep,1,0.45,"Unboxing the candle kit (Freedom soy wax, jars, wicks).",ey,0,0.0,0.044,0.0,0.498,0.09,"#5d493a,#928578,#d0cfc7",1,,
utr9EuGsSJs,https://www.youtube.com/watch?v=utr9EuGsSJs,DIY Scented Freedom Soy Wax Candles at home |  Candle making kit review | Microwave your wax!,509.0,storyboard,12,95.44,103.39,7.95,https://youtu.be/utr9EuGsSJs?t=95s,gather_materials,prep,1,0.45,"Unboxing the candle kit (Freedom soy wax, jars, wicks).",Po an ff,1,0.0,0.029,0.212,0.456,0.119,"#83786e,#4e3b34,#c2b0a3",1,,
vWsjYBvP3aE,https://www.youtube.com/watch?v=vWsjYBvP3aE,how to make scented beeswax candles 🐝,468.0,storyboard,9,72.62,80.69,8.07,https://youtu.be/vWsjYBvP3aE?t=73s,gather_materials,prep,1,0.45,Overhead beeswax discs (copper/brown).,Bis Ty aa STEP St HEAT THINGS uP ij 7 il Ea oe. 36 to,1,0.0,0.08,0.187,0.693,0.099,"#ada08d,#e4e1db,#665942",1,,
wrGN0qeWyPk,https://www.youtube.com/watch?v=wrGN0qeWyPk,How to Make Your Candles Smell Stronger (Without Using More Fragrance Oil),421.0,storyboard,6,47.66,55.6,7.94,https://youtu.be/wrGN0qeWyPk?t=48s,gather_materials,prep,1,0.45,Overhead bowl of wax and pot.,wo rw,0,0.0,0.047,0.336,0.501,0.137,"#292019,#ccab8c,#8f6253",1,,
yOvQagDwnxo,https://www.youtube.com/watch?v=yOvQagDwnxo,''How Candles Are Made  Inside a Modern Candle Factory'',113.0,storyboard,2,16.14,24.21,8.07,https://youtu.be/yOvQagDwnxo?t=16s,gather_materials,prep,1,0.4,Beeswax/honeycomb source; workers.,SS eee Sere Trae 5 as eS ae rl Pinay SS See Seer wea oy ed Ge Yos- ms Sigel JR iy le 4 fe Ay. ji ee ANN 7 1 SS 7 met rat efile 2 as Sn 4 Cee it ve 4 td 9 5 Bi 7 7 ed UE Fh ou 4 oe le ee 3 1 oe 3 snipe,1,0.0,0.182,0.17,0.425,0.154,"#a8906e,#806646,#51402e",1,,
yOvQagDwnxo,https://www.youtube.com/watch?v=yOvQagDwnxo,''How Candles Are Made  Inside a Modern Candle Factory'',113.0,storyboard,3,24.21,32.29,8.08,https://youtu.be/yOvQagDwnxo?t=24s,gather_materials,prep,1,0.4,Stacks of wax blocks; a worker.,Kf vy wy Irs 2,1,0.0,0.11,0.237,0.449,0.156,"#4c382d,#97826c,#d3c9bf",1,,
